Product,O_Bar_Code,Licence_Number,,F_Bar_Code
Advanced Publishing Inc.,3488035257619,ZU-8388948,,
Eco Paperworks Group,3156432759351,HV-9605406,,
Advanced Printworks Holdings,2860905094683,CB-8023203,,
Green Publications Enterprises,4523512851890,CD-8521416,,
Ultimate Publications Inc.,6449322897869,MR-7155539,,
Pro Printing International,2778026870482,KJ-5227124,,1.19852E+12
Eco Paper Partners,4180222351548,MD-9936183,,3.53924E+12
Universal Paper Partners,3073962645013,UK-9298958,,6.73712E+12
Premier Printing Partners,8724750230569,EH-3245793,,8.94628E+12
Premier Books Co.,2357099144510,FI-2447373,,4.00301E+12
Premier Books Holdings,3031825375005,JX-3935344,,6.12858E+12
NextGen Pages Co.,84336333753,GR-8560372,,2.41792E+12
Advanced Media Enterprises,1614613274090,VH-2604610,,1.17609E+12
Premier Media Co.,9883680226403,IN-1666325,,7.89489E+12
Superior Pages Corporation,731502037134,GJ-3692066,,2.91465E+12
Pro Publications Inc.,6540463555746,QV-2621683,,
Ultimate Press Partners,1535667877198,LK-3153801,,
Pro Printing Co.,1759608849089,TV-9989797,,
Pro Paper Ltd.,7265424502514,KH-9463158,,
Superior Paperworks Global,4882852436849,XA-5036859,,
Green Publications Enterprises,1770437349438,VC-2589957,,5.40022E+12
Ultimate Pages Inc.,9947652675093,RD-3660342,,2.0903E+12
Ultimate Press Inc.,975117094651,UC-3036358,,4.2796E+12
Pro Publications Corporation,4805573025232,TI-8236373,,2.39975E+12
Ultimate Books Co.,6510105302307,XO-8482298,,4.673E+11
Ultimate Media Holdings,379189438797,YK-3344500,,8.51268E+12
Universal Printworks Global,9270374785925,MR-4749975,,6.24712E+12
Superior Media Global,5398882417400,HL-1335751,,3.94519E+12
Ultimate Pages Group,685418061780,GG-7666443,,4.78528E+12
Superior Media Partners,3872869718563,TK-2282157,,1.24932E+12
Green Pages Global,1713744055388,MI-8083032,,8.19558E+12
Pro Media Group,91982633647,UH-5377718,,9.51912E+12
NextGen Publications Co.,4490234838806,OC-5351621,,8.35769E+12
Superior Publishing Inc.,275362952288,HO-2978075,,6.61308E+12
Superior Books Enterprises,7214773219760,XO-4956350,,6.50494E+12
Superior Paperworks Holdings,3104201520570,MI-2314759,,8.6274E+12
Universal Printing Inc.,4187632126046,UD-1274812,,9.64944E+12
Ultimate Media Partners,4768629079,JI-2567345,,
Global Books Partners,2631688409799,SX-7164023,,
Ultimate Printing Group,9826027473109,WM-2569134,,
Eco Printing Group,5792552179248,VB-1704192,,2.76992E+12
Premier Publishing Inc.,6362721587105,CD-3256206,,4.10438E+12
Pro Press Inc.,7591068650041,II-6113490,,4.1098E+12
Superior Paperworks Ltd.,7644738856253,HG-9436162,,5.46276E+12
Pro Paper Enterprises,1098609915803,CS-4457741,,1.68018E+12
Ultimate Publishing Global,1541090649197,EQ-7704834,,3.12157E+12
Superior Media Ltd.,6479908373598,KK-9396449,,5.44625E+11
Eco Books Global,5568423677816,TA-5563242,,6.82083E+12
Premier Publications Co.,5629894186572,WV-2810444,,3.80217E+12
Premier Printing Partners,8631794313452,SF-7201574,,4.12496E+12
Advanced Publishing Partners,726394802938,BV-7563952,,9.15979E+12
Universal Books Group,365198857591,RJ-1997275,,2.56617E+11
Superior Pages Global,8007068871976,GV-8402072,,2.40159E+12
Universal Paper Corporation,5849603230172,CL-9369640,,5.47596E+12
Global Pages Ltd.,4387962864671,ZS-8934890,,
Green Printworks Inc.,7084074184511,IP-3852656,,
Eco Printing International,7835058857656,CA-3667889,,
Superior Publishing Ltd.,6825303490093,NL-4436170,,
Green Publications Global,8068935793117,OF-1506998,,
Premier Printworks Co.,4455272194073,AL-1297824,,
Eco Paper International,5243898988416,PD-1390394,,
Global Books Group,4920754240478,OU-3284383,,
Universal Printing Partners,8978478153208,QR-7886280,,
Ultimate Publishing International,4816933887569,FO-5670905,,
Pro Publishing Ltd.,8817746010017,KU-1490099,,
Universal Media Ltd.,7379919255989,CD-1827110,,1.04261E+12
Ultimate Books Co.,2200012988915,CG-6479631,,2.15764E+12
Green Media Inc.,2933685766884,SL-4076325,,2.70728E+12
Pro Paperworks Partners,7754569532442,HT-7223972,,3.76615E+12
NextGen Publications Global,6359077648766,NT-1826040,,1.02131E+11
Green Paper Enterprises,9928827479937,KB-4189592,,4.61727E+12
Advanced Press Holdings,2272804459190,NU-1289137,,1.59056E+12
Universal Press Global,8856179733775,MY-2954143,,4.64191E+12
Global Media Global,7960906120221,KE-9827963,,8.55596E+12
Premier Press Global,5282535813628,RU-8900262,,4.59973E+12
Green Paper Global,4587028224685,QQ-3031257,,2.7062E+12
Premier Pages Group,9608306130252,CD-8163724,,6.90507E+12
Green Paperworks Corporation,4659241360968,RL-8326823,,5.95827E+12
Premier Paper Group,4880456603432,HF-5269892,,8.06327E+12
Advanced Press Corporation,2218286231503,GU-1741245,,3.00768E+12
NextGen Publishing Co.,211385993496,UG-8731631,,8.76137E+12
Ultimate Pages Holdings,19760038163,PO-6701437,,
NextGen Paperworks Enterprises,5037813866491,ZL-8818415,,
Green Paper Inc.,3080353673975,BD-3876705,,
Premier Press Global,5086128371443,HB-1183207,,
Advanced Press Inc.,2013724146802,QM-1273496,,2.05755E+12
Advanced Printing Global,2583472538562,AC-2039263,,4.72404E+12
Premier Paper Ltd.,846636922625,FP-8889270,,4.72218E+12
Superior Printing International,8903200835849,DP-7435200,,6.59353E+12
Pro Printing Partners,50074954393,HV-4241221,,2.19001E+12
Premier Press International,4970311182696,AT-4525371,,2.14086E+12
NextGen Printing Corporation,6147895701326,RB-4988314,,4.84014E+11
Premier Printing International,3472265037289,KE-2428627,,2.01317E+12
NextGen Publications Holdings,5865395933640,FU-8041332,,1.35791E+12
Advanced Pages Inc.,465102433112,EC-8165320,,5.30605E+12
Eco Printing Co.,4449065605943,YM-9346525,,5.44811E+12
NextGen Publishing International,7758078760987,UJ-5756766,,3.98078E+12
Pro Printworks Group,5080064822279,KH-1643860,,9.66101E+12
Green Books Holdings,9642606015344,JQ-5414114,,6.36755E+12
Eco Pages Corporation,5860479985577,TQ-9020125,,3.42032E+12
NextGen Publications Co.,1721381327292,KM-8395538,,7.75645E+12
Advanced Paper International,7289631636538,GK-1404586,,4.98528E+12
Advanced Publications Group,9026643197083,XD-1895233,,9.58849E+12
Pro Media Group,5063529723534,GF-3838531,,1.88657E+12
Global Publications Global,7265358154141,YA-1860504,,4.56343E+12
Superior Publishing Inc.,6863466593443,FT-3622771,,6.31206E+12
Universal Books Ltd.,126834290902,QY-3819874,,4.9992E+12
Premier Printing International,8588885726798,VG-2479677,,4.43606E+12
Premier Pages Corporation,1107583522287,EB-7403411,,7.64415E+12
Green Books Global,4285245094855,KY-1163864,,6.37215E+12
Eco Publishing Inc.,9192551929496,BH-8371339,,5.20487E+12
Pro Printing International,7209142716643,OC-5496668,,1.44941E+12
NextGen Media Holdings,8031933041082,GZ-5898032,,5.12378E+12
Global Printing Holdings,756410376254,NK-2874713,,8.96651E+12
Pro Publications Corporation,6512050939379,GY-9233369,,7.12994E+11
Global Paperworks International,3440620858070,RD-2063727,,2.25006E+12
Premier Printing Enterprises,3487737592216,OB-3071079,,7.72197E+12
Universal Books Inc.,1533626399946,VS-7173520,,
Global Paper Inc.,2040841656613,AW-7491646,,
Premier Media Inc.,3776896526099,ND-4223048,,
Green Media Corporation,2197404669068,FA-3433133,,
NextGen Printing Ltd.,1100227563756,NG-4840998,,
Green Books Group,1897636507703,LG-1037106,,
Global Pages Co.,826432487028,MM-9409469,,8.33305E+12
Green Publications Global,5262079855506,UQ-8153026,,4.16011E+12
Green Paperworks International,4816205010032,FD-2224095,,7.42217E+12
Green Paperworks Ltd.,4344549170237,ZK-9390836,,6.48981E+12
Advanced Publishing Enterprises,2667106966621,VX-4464763,,4.6798E+12
Ultimate Printworks Ltd.,5689731100034,QG-6047595,,9.04208E+12
Eco Paperworks Enterprises,3782115319954,KX-7986973,,8.13577E+12
Eco Paperworks Partners,6965314504494,JM-6161484,,4.8789E+12
Green Printing Inc.,7412931885997,ZN-3707331,,3.72692E+12
Ultimate Books Corporation,3196548546455,QS-3060455,,8.0592E+11
Ultimate Media Global,8799313609732,QS-3719914,,2.61192E+12
Universal Books Global,1895735331512,HC-2057300,,2.01492E+12
Pro Pages Global,5890008283567,VF-6273568,,7.90457E+12
Universal Media Global,6093413701655,WY-2372769,,5.42472E+12
Pro Publications Partners,312754716401,GJ-5207233,,7.94678E+11
Pro Pages Co.,9708766843761,VT-3288766,,1.70884E+12
NextGen Pages Partners,5833023381172,TE-8690734,,7.80149E+12
NextGen Publications Enterprises,1765171184030,YW-2019695,,7.54472E+12
Green Printworks Co.,3316770070813,LR-7859300,,6.98436E+12
Global Paperworks Enterprises,4250848450455,FJ-3431101,,1.85837E+12
NextGen Paperworks Partners,8129398698047,OT-2150424,,5.48776E+12
Premier Printworks International,8081021534002,HR-2897332,,3.33128E+12
Superior Publishing Co.,1765931174674,NV-5893463,,8.27892E+12
Universal Printing Global,4937943864040,LU-3914711,,2.32146E+12
Advanced Printing Group,7208538471581,DY-8676269,,8.82503E+12
Green Printing International,4060800145656,OV-8477279,,1.39464E+12
Green Media Holdings,2660686769440,RS-2086762,,4.3286E+12
Green Publications Holdings,5771758415102,UV-9000311,,2.17637E+12
Ultimate Pages Global,3037677835319,CU-9449757,,5.53706E+12
Superior Paper International,6295363435323,FO-4173853,,6.52082E+12
Advanced Books International,2107253585694,IL-4888505,,6.56942E+11
Global Paperworks Co.,2700888078724,CX-9838661,,4.99808E+11
NextGen Publishing Holdings,1804306313567,BB-7440394,,
Ultimate Press Global,7702500629089,AX-6205865,,
Advanced Publications International,6644393730889,SP-5697738,,
Advanced Publishing Group,6058258035175,NI-9750055,,
Global Media Group,6286155869730,PT-7731192,,
Ultimate Books Co.,7318235595030,AS-2135677,,
Universal Pages Co.,8281104787152,UD-7237707,,4.37076E+12
Superior Pages Corporation,9320010523194,LQ-5355282,,8.37749E+12
Green Publishing Ltd.,1327582265513,ZO-3622044,,7.68965E+11
Green Paper Holdings,2918402723726,FH-8628318,,2.27819E+11
Ultimate Printing International,212163014331,SN-8004548,,4.61614E+12
Eco Publications Co.,5086608541362,PM-4142629,,8.91141E+12
Premier Media Inc.,8554060596458,RQ-1044235,,8.91991E+11
Pro Media Global,9679899237705,UA-4382806,,8.02285E+12
Universal Printing Partners,7597720617028,PJ-1541782,,4.82756E+11
Global Publications Enterprises,5313499883065,II-4387319,,5.87813E+12
Global Pages Group,587533102117,ZL-3428615,,6.85963E+12
Global Publishing Corporation,2723732872192,YE-8318569,,1.30217E+12
Green Paper International,4434100397363,TA-3912461,,8.68767E+12
Eco Pages Partners,6187108874262,HQ-2100630,,8.16456E+12
Superior Publications Global,8785170615159,ZA-6367316,,7.74546E+12
Eco Printing Corporation,3680626002836,UD-5217879,,4.03308E+12
Ultimate Paperworks Ltd.,8259577796224,YU-3188541,,8.671E+12
Universal Media Ltd.,8523038519814,OF-3421682,,6.59292E+12
Universal Media Holdings,7939338882817,KL-8653838,,
NextGen Printing Corporation,4827176889956,LO-9108945,,
Global Publications Inc.,6325461994030,CJ-5115400,,
Pro Printworks Global,5650589055824,KH-9122556,,2.27763E+12
Green Media Corporation,4164235718665,GG-8469526,,1.53667E+12
Green Printing Partners,5934095490759,CJ-3983327,,5.50584E+12
Pro Media Corporation,9450716404767,KT-4336511,,3.33886E+12
Pro Press Co.,3389919322831,KQ-8532789,,3.60094E+12
Premier Printworks Group,9049322110552,UW-8327641,,3.54355E+12
Green Press Enterprises,8243680994118,JA-5448359,,6.42409E+12
Superior Paperworks Co.,421826642572,FE-9095506,,7.30196E+12
NextGen Publishing Group,515588201694,GO-8440861,,3.22083E+12
Pro Printing Partners,1320501348005,MT-3229770,,2.88572E+12
Advanced Pages Ltd.,4349313583231,WD-1437038,,7.37685E+12
NextGen Media Group,9550796821969,ZI-3646991,,3.7644E+12
Green Paper Global,565331606398,SX-6773623,,7.03416E+12
Universal Printworks Group,2778883955529,QY-7677186,,2.1996E+12
Eco Pages Co.,5940357274390,BL-3428523,,7.38834E+11
Advanced Publishing Inc.,4902961464755,UR-8900594,,8.83124E+12
Advanced Pages Group,40868111156,FC-9582115,,8.61924E+12
NextGen Publications Holdings,8791137582458,XI-8354816,,8.3368E+12
Superior Paper Ltd.,193703737894,QA-2025260,,6.72405E+12
Global Media Partners,9053547814110,KB-7361731,,9.0685E+12
Advanced Paper Group,7474511383674,LX-2364402,,8.58019E+11
Ultimate Media Corporation,9988016838245,RH-6462378,,
Universal Printworks Holdings,2283033345599,GA-3061884,,
Superior Publications International,2524986588777,QS-1805906,,
Ultimate Media Corporation,7859277530208,BE-8502115,,
Superior Press Enterprises,2993011015601,VD-8231414,,
Eco Pages Holdings,5110442109083,HT-4559305,,3.07516E+12
Premier Media Global,3260107201237,JH-7450618,,3.77674E+12
Ultimate Paper Global,2757566785537,RB-6536636,,3.17096E+12
Green Press Enterprises,6155942271939,YY-5041470,,2.34766E+12
Green Printworks International,4408564061227,HB-5166277,,2.58472E+12
Pro Paperworks Ltd.,3795826374984,PC-8385870,,1.05098E+12
NextGen Press Inc.,8538473065775,NI-5504002,,9.16037E+12
Universal Printworks Inc.,1567978292667,AB-2775820,,4.57331E+12
Global Publications Ltd.,253582572486,QU-2385889,,3.00784E+12
Premier Paperworks International,8850545197878,RD-6541447,,5.74757E+12
Eco Paperworks Enterprises,2863585740173,DK-5026088,,8.45911E+11
Green Publications Enterprises,7091686555713,HD-7597931,,8.01134E+12
Global Books Partners,3075905285685,UZ-3813794,,9.58819E+12
Ultimate Publishing Global,1518427731192,VR-7713234,,4.71868E+12
Universal Pages Holdings,3407362604065,KI-8853167,,2.42383E+12
Ultimate Publications International,1022106048316,LC-6962788,,
Advanced Printworks Global,5229419877488,ZJ-1756184,,
Pro Pages Ltd.,4290351059418,ZB-3976459,,
Advanced Publishing Holdings,9503379828198,FF-1851486,,
Global Paperworks Ltd.,2171947634045,SP-5244361,,6.80062E+12
Premier Publications Holdings,5274643442637,DG-5362463,,35753367693
Ultimate Media Enterprises,9353621466777,VF-3921430,,1.5312E+12
Global Media Holdings,4737893985820,QH-8770434,,6.2859E+12
Pro Printing Co.,9428770990424,WM-7697358,,8.97004E+12
NextGen Media Partners,3105873961786,IO-1488651,,3.22909E+11
Advanced Press International,7624619200043,JJ-4012204,,2.62688E+12
Eco Publishing Holdings,8578302255828,VN-7759953,,2.04716E+12
Pro Publishing Global,5721360743656,RM-6036174,,5.96645E+12
NextGen Paperworks Ltd.,780526498339,WV-9012739,,2.33792E+12
Green Media Inc.,2616727143567,ND-8174763,,4.9138E+12
Green Pages International,3420519670897,RW-1779062,,8.72078E+12
Premier Pages Ltd.,3633896264485,XU-4849971,,4.30232E+12
Global Press Holdings,20719991054,JH-2127383,,7.72975E+12
Eco Printworks Partners,6563241483751,OQ-1396880,,1.58234E+12
Advanced Publications Corporation,4480838660955,MB-5601778,,7.87682E+12
Global Pages Group,8637149716696,TU-6895000,,2.72842E+12
Advanced Media Group,2143169715255,JJ-6205847,,7.22275E+12
Premier Publications Corporation,1089200425238,RN-3294921,,8.57065E+12
Ultimate Paper Global,7174523880236,RC-7214314,,4.55457E+12
NextGen Paper Global,4359394672840,AR-4627092,,5.9486E+12
Pro Publishing Corporation,8914594295624,BV-1970568,,5.8978E+12
Premier Publishing Global,8647935527687,WY-9858149,,2.75335E+12
Superior Printing Group,3057600540093,BP-2401123,,2.7282E+12
Premier Pages Global,3191841885455,LT-1939023,,2.29931E+12
Premier Books Group,5218559857040,AF-2445588,,3.76651E+12
Global Printworks International,2034933645653,CJ-2608313,,7.72256E+12
Superior Media Corporation,5290369823959,GB-9782213,,4.48377E+12
Green Publishing Corporation,9487164816520,NA-3976273,,4.2527E+12
Advanced Printing Global,947070579941,JD-5966490,,
Universal Printworks Enterprises,5304535682295,PQ-1872921,,
Superior Paperworks International,853838819192,AL-9601584,,
Superior Pages Enterprises,9900947350369,GW-9359094,,4.46725E+12
Superior Paperworks Corporation,36285470931,BK-5992971,,8.77105E+12
Global Printworks International,2596083612600,PG-5351395,,9.37503E+11
Green Publications Ltd.,9866426815138,HW-5981365,,8.2771E+12
Superior Pages Ltd.,1503205747115,ZP-6328754,,2.05482E+12
Green Books Group,7591107523294,GY-7368906,,2.65882E+12
Superior Press Partners,3655070049858,TN-4075563,,1.00962E+12
Green Publishing Co.,6866812119913,CN-8317606,,5.56201E+12
Universal Pages International,288380347699,TT-9152091,,9.34721E+12
Superior Media Corporation,1397898901715,GJ-4238926,,6.76118E+12
Superior Pages Global,7606065851918,EI-8194394,,5.6702E+12
Advanced Printworks Holdings,543530264407,JA-4309240,,4.0861E+12
Universal Pages Corporation,3929012443652,IS-5672204,,9.14383E+12
Ultimate Printworks Group,9012835392897,UG-9469648,,6.05315E+12
Green Printing Group,8286668984771,AR-1823839,,1.15465E+12
Ultimate Printworks Global,3396006076753,JV-4013705,,
Green Publications Co.,3664709259829,PZ-9779339,,
Premier Press Group,3031578449821,ZF-2202653,,
NextGen Paper International,2092768036251,GA-9831021,,
NextGen Paperworks International,5500916662417,WZ-4096867,,
Global Publications Holdings,8896524702860,DC-2551346,,
Premier Pages Group,6043236459123,BD-1005962,,
Green Paper International,2837276415086,YY-6636452,,
Universal Paperworks Inc.,8745304774521,BJ-4135251,,2.09911E+12
Pro Publications Corporation,6622510497908,OY-4824398,,2.68165E+12
NextGen Paperworks Enterprises,7131885394077,VB-7436593,,3.32199E+12
Advanced Printworks Global,5875704790788,NE-1480142,,2.87617E+12
Eco Paperworks Corporation,6400252110378,DH-5052974,,8.4216E+12
Universal Pages Inc.,3177453734153,XY-8417772,,4.21515E+12
Green Pages Corporation,8122390325418,RB-9153595,,9.93454E+12
Advanced Press Ltd.,8196445861691,OX-5141450,,2.98886E+12
Pro Publications Corporation,5356541566732,IZ-9220809,,9.69996E+12
Global Media Corporation,8112138741258,GU-5317683,,
Premier Publishing Co.,5105445725742,WH-4532647,,
Ultimate Books Group,635770798061,RK-1652403,,
Global Media Partners,6245579734419,JY-5495106,,
Green Paper Holdings,3945872710563,MR-1822494,,
Superior Printworks Global,73693535040,DC-8536010,,
Global Paper Enterprises,1911796082265,PG-1188666,,
Pro Paperworks Ltd.,1479635878224,LZ-2612116,,
Ultimate Pages Global,1639810011839,CL-5888553,,
Ultimate Books Enterprises,7247459574231,KF-8033037,,
Premier Media Enterprises,3948218890927,YC-8199547,,
Superior Printworks Global,7457704289946,XV-6633681,,
Ultimate Publishing Global,6172433559343,ET-9435405,,2.57965E+12
Pro Paperworks Partners,7531463677313,HE-1408660,,5.948E+11
Pro Pages Partners,2768071967629,OC-1987640,,9.5714E+12
Green Books Co.,8382951889798,XW-1019613,,2.76552E+12
Green Printworks Enterprises,908125942646,OQ-3994095,,1.11656E+12
NextGen Press Ltd.,3578505165539,HS-7014910,,6.09469E+12
Green Press Inc.,7677924441569,MR-9736778,,9.44791E+12
Advanced Press Ltd.,7308908130268,GZ-9025711,,3.76693E+12
Advanced Media Holdings,8171790681605,JI-8404467,,4.05175E+12
Advanced Press Corporation,3174947651879,YG-6836766,,3.21521E+12
NextGen Publishing Global,469499095578,ZF-6730881,,1.90751E+12
Green Paper Co.,6298556077722,GN-3903144,,1.92713E+12
Universal Printing Ltd.,6958146297213,TQ-6761590,,1.98921E+12
NextGen Media International,9575413974118,TY-3817741,,4.01476E+12
Advanced Pages Holdings,8665269600531,HK-4447483,,7.40053E+12
Green Paperworks Enterprises,9568808169599,HE-6212287,,9.1792E+12
NextGen Books Global,6664851431005,AZ-9386797,,
Universal Printing Corporation,7282912623060,FB-9412895,,
Superior Paperworks Group,3231411470328,ZW-3285481,,
NextGen Paperworks Global,4274761308024,VG-5419527,,7.61063E+12
Ultimate Printworks Holdings,2290295852212,JV-7478051,,4.97261E+12
Ultimate Paperworks Enterprises,166645810362,TR-6574327,,9.7075E+12
Eco Books Holdings,4719358821555,II-9280513,,3.27869E+12
NextGen Pages Partners,8484570829046,RQ-5287880,,3.47707E+12
Global Paperworks Inc.,9580091462274,YS-4861875,,5.43866E+12
Universal Paper Corporation,6584426796350,AP-7909341,,7.31889E+12
Superior Press Enterprises,4039402421719,EC-7429312,,1.02901E+12
Universal Publishing Holdings,7970905066741,HV-3009438,,7.58029E+12
NextGen Publishing Corporation,1278212311598,WZ-3815965,,96184491179
Eco Media Partners,2453777143184,ZQ-5724626,,2.65041E+12
Global Paper Inc.,1571544938032,CW-8741379,,4.19796E+11
Superior Publishing Enterprises,2039089614434,CV-8149043,,4.50743E+12
Pro Printworks Inc.,1127450250890,KI-1924427,,9.98189E+12
Advanced Books International,6163523020728,GF-3218691,,9.72362E+12
Global Media International,2611261941038,LY-7268748,,3.67572E+12
Superior Publications Partners,2632536674681,PM-5414520,,
Pro Media Global,5226027682285,QQ-6475663,,
Advanced Books Inc.,6374537075824,FE-1818310,,8.78862E+12
Green Publications Global,5309345600942,MR-4679697,,1.20227E+12
Premier Paper Holdings,3852675355388,TG-1969685,,4.2479E+12
Premier Publications Enterprises,5405615924466,HG-5118842,,2.12731E+12
Green Printworks Global,8673953431135,QQ-6686263,,5.21322E+12
Global Publishing Enterprises,4486400734833,EJ-1442917,,95319488672
Green Paperworks Co.,8306066361399,SL-4582276,,7.86662E+12
Premier Publishing Corporation,7204813964249,AM-9025644,,7.08633E+12
Global Press Corporation,7759068451281,TX-3631437,,3.17787E+11
Green Publishing International,3419280897123,IX-7667655,,3.63301E+12
Global Printworks Co.,6210138465483,OR-5860635,,8.28537E+12
Premier Media Inc.,4634784023431,CG-3295650,,5.07178E+12
Ultimate Printworks Partners,7045713053936,GA-9298120,,6.14116E+12
Superior Media Holdings,3787870393230,DG-1280327,,9.22345E+12
Ultimate Paper Co.,7306246044277,DL-6533910,,9.57665E+12
Universal Paperworks Group,1684628617791,BM-4201488,,
Pro Books Partners,5375911241905,PH-5544531,,
Universal Press Group,6599612291147,DZ-8145932,,
Eco Printing Global,4692184067170,AA-8507253,,2.91467E+11
Ultimate Printworks Group,727081761446,TW-6842891,,6.29195E+12
Eco Pages Enterprises,4084887478940,LL-8819672,,5.95319E+12
Ultimate Publications Holdings,684575066065,GR-3992999,,8.03736E+11
Green Media Corporation,6472655081544,EE-4619628,,5.67299E+12
Premier Press International,4624267646906,LZ-6961872,,9.34E+12
Universal Paper Corporation,4476321214457,WG-9564857,,3.36084E+12
Eco Books Ltd.,853175646656,JO-2498405,,2.60183E+12
Premier Publishing Inc.,6564992395602,KR-4745615,,2.64054E+12
NextGen Media Group,5897978179647,KG-1618825,,8.05739E+12
Eco Pages Ltd.,2837581948579,KR-5784560,,5.05748E+12
Global Printing Inc.,354461524755,YG-9990381,,8.9701E+12
Advanced Publications Partners,3173668663382,ES-8996514,,4.53744E+12
Global Printing Co.,1060149756375,EE-3394215,,7.87121E+12
Premier Publishing International,6169112467412,VN-2897841,,7.33143E+11
Advanced Publishing Partners,8121328951864,TD-1954814,,4.72165E+12
Advanced Press Ltd.,5135427622550,DR-2423770,,9.5962E+12
Green Pages Holdings,3825109414134,NV-1903969,,
Superior Press Group,9996422579544,CK-8441532,,
Global Publishing Corporation,7039899001999,UJ-5298721,,6.2936E+12
Green Books Co.,5262896370383,OY-6657987,,2.52884E+12
NextGen Press Co.,4175947370588,XE-9274112,,3.52412E+11
Advanced Printworks Global,1407800276381,XS-1256373,,8.25422E+12
Ultimate Pages Co.,8733221250491,JF-4274540,,5.3781E+12
Universal Media Holdings,1654146276519,RD-6263022,,6.19423E+12
Advanced Paper Global,4015760758445,CX-4464178,,4.55128E+12
Superior Pages Group,8239627696610,JN-5660052,,3.49808E+12
Global Paperworks Group,216752316292,MU-6573800,,9.78688E+12
Advanced Printing Corporation,3672623368610,QM-2809093,,7.0644E+12
Advanced Printworks Partners,4062175564075,HP-7131898,,1.85829E+12
Global Press Holdings,168192804980,TS-8746153,,
Eco Media Group,1662337681652,JX-1488683,,
Advanced Media International,280654942544,HA-8518002,,
Eco Printing Global,8246855757587,BJ-4130435,,
Premier Publications Enterprises,5854112668142,JC-2235324,,9.65426E+12
Global Press International,8672771478225,AA-4650636,,2.85751E+12
Pro Pages Group,5657502823966,BH-5337073,,7.92265E+11
Green Press Corporation,211540920998,HO-5868378,,4.74173E+12
Universal Publishing Holdings,3746266240541,TE-8369817,,4.4008E+12
Superior Media Global,5774245008984,IB-5257523,,8.37954E+12
Eco Books Partners,3277229718680,EQ-7826857,,7.77631E+12
Superior Books International,5538062707367,WZ-6913274,,2.9026E+12
Eco Printing Holdings,3059324046611,VI-1157189,,5.79579E+12
Premier Publishing Group,1187138803182,YA-2426979,,5.57368E+12
Pro Media Corporation,2930155874716,RZ-3730889,,7.16052E+12
Eco Publications Holdings,3957480868576,ZN-6554557,,
Ultimate Media Enterprises,6390671511819,CI-1106170,,
Superior Printing International,2763630273390,IU-7591803,,2.10702E+12
NextGen Publications Group,8022022230210,DG-1980234,,7.22377E+12
Ultimate Paperworks Partners,7201368340762,ZE-3426315,,3.40401E+12
Advanced Publications Group,1626798520012,GZ-2917342,,5.25742E+12
Advanced Printworks Inc.,9875958305419,RU-2845205,,9.98821E+12
Premier Paper Co.,6019022236778,CM-1996382,,9.10855E+12
Eco Publishing International,5632101753576,TW-5227208,,9.58393E+11
Superior Press Co.,1039125629582,AJ-5307615,,5.80385E+12
Premier Publications Group,7672226876808,HQ-1081122,,1.78284E+12
Global Publications Holdings,3138945764418,YD-6921851,,5.98275E+12
Premier Press Corporation,5918378135106,BX-9116466,,9.50652E+12
NextGen Media Holdings,7901154385563,ML-1364677,,7.15867E+12
Green Paperworks Holdings,3442737499381,UN-1617012,,4.54931E+12
Ultimate Paper Partners,7636971464923,NP-2994525,,
Ultimate Paper Holdings,7981019901784,IY-8385395,,
Eco Books Inc.,2704277059688,DO-6120628,,
Advanced Press Partners,5960616605313,EH-9721406,,3.11917E+12
Green Publishing Holdings,8175206102926,WM-7477073,,3.61772E+12
NextGen Books Enterprises,3350680094882,LH-9998244,,5.84672E+12
Advanced Paper Global,6822955488633,HX-6700648,,1.97991E+12
Superior Press Enterprises,5718576732872,WZ-8435371,,9.08803E+12
Eco Press Partners,6742320665937,FJ-1693145,,7.4382E+12
Superior Books Inc.,1507207764593,XF-3674000,,5.81947E+12
Global Books Co.,2294487736192,SS-8560369,,
Ultimate Press Inc.,6464567865470,WJ-1890189,,
Universal Publishing Co.,2813068973817,YK-7837670,,8.95868E+12
Ultimate Press Group,2339609433752,RT-9958821,,7.01838E+12
Eco Publishing Global,3997184908484,DG-3644537,,2.37233E+11
Universal Paperworks Holdings,1726622349721,LI-2231281,,1.84579E+12
NextGen Press Holdings,5630065084200,BN-9029124,,3.16275E+11
Eco Publications Global,3380847126781,MK-6762516,,2.97651E+12
Universal Publications Ltd.,3903100159296,QC-4274944,,2.48345E+12
NextGen Press Co.,2616015423759,LJ-3023863,,4.78315E+12
Ultimate Publishing Group,8910281700151,MM-7550879,,4.75347E+12
Eco Printing Co.,1415637175979,XF-9892614,,93048157405
Green Publishing Corporation,374200917835,IS-9046801,,6.505E+12
NextGen Paperworks Global,6817699898416,ZX-2676563,,3.39722E+12
Pro Publishing Enterprises,7681494878343,DJ-9362635,,7.24709E+12
Superior Paper Inc.,5390196762191,GQ-3107847,,8.45243E+12
Universal Press Corporation,8836728007479,JS-8287058,,8.17068E+12
Ultimate Paperworks Corporation,202309397270,QS-9934889,,9.78146E+12
NextGen Paperworks Inc.,21959797632,OD-6168277,,1.99304E+12
Superior Publications Group,9451745164604,WF-7945787,,9.80901E+12
Pro Press Global,1438057679303,JI-1147349,,
Advanced Paperworks Co.,9635469789301,EY-8924800,,
Green Paperworks Enterprises,5342352478351,JW-6214296,,
NextGen Printworks Corporation,9049761571766,LE-3785629,,7.9381E+12
Universal Printworks Partners,5823187204061,SM-4059083,,5.85427E+12
Green Books Partners,9617438805915,IC-8981395,,9.96142E+12
Eco Paper Inc.,7109739456268,NZ-8444902,,8.84266E+12
Universal Pages Ltd.,3592005370879,NS-2663468,,6.60846E+12
Ultimate Paperworks Corporation,900613566516,DZ-3730328,,2.5499E+12
Universal Publications Co.,8755157921611,LT-5617010,,2.30835E+12
Ultimate Press Partners,2576633168035,TR-4125610,,1.1707E+12
Eco Printworks Co.,8736510162808,QW-4806479,,6.60728E+11
Premier Printworks Corporation,5036144577016,OO-9010748,,
Advanced Press Inc.,8516720306144,FN-1572096,,
Green Paper Ltd.,9059421645070,HW-1988801,,
Superior Publications Co.,5490908564230,WD-7934659,,
Ultimate Publications Global,5585788057992,YL-3434797,,7.47023E+12
Eco Press Holdings,3991821639272,NL-6402542,,5.48252E+12
Premier Publications Group,9213785401779,ZT-8874177,,6.47636E+12
Premier Paperworks Group,7720382159288,DF-2093849,,7.01004E+12
Pro Publications Inc.,8442922774552,PS-6765523,,9.65316E+12
Ultimate Paper Partners,9636925096465,CJ-8914517,,6.65638E+12
NextGen Printworks Partners,2548487082026,AB-9464965,,4.42976E+12
Universal Pages Corporation,1621568679072,OD-4636279,,
Premier Books Partners,449797315141,HQ-3943465,,
Universal Printworks Ltd.,2667783232114,LC-4442408,,
Superior Paper Inc.,3298389836775,DE-4993854,,
Eco Pages Global,9772101661391,CN-6253455,,
Ultimate Paperworks International,4495473933522,FA-3284576,,5.86463E+12
Superior Paper Inc.,1650973797584,SW-3401542,,5.6887E+12
Eco Books International,3430914794534,LN-7065568,,6.73984E+12
Premier Pages Ltd.,8729959671709,OY-5527701,,6.78144E+12
Pro Books Enterprises,5980437982666,ON-6532534,,
Eco Publishing International,7244172151764,VR-1861266,,
NextGen Publishing Enterprises,8576404454965,NA-9356871,,
Universal Media Group,5177462710796,VD-8357347,,7.2766E+12
Green Pages Ltd.,9709011158814,IJ-3252037,,6.58166E+12
Premier Publishing International,9722511962126,YD-5429632,,4.0878E+12
Eco Publishing Corporation,4727092333044,GD-5822214,,2.58665E+12
NextGen Publications Group,9029712314044,KP-8671754,,4.69643E+12
NextGen Paper Global,7534969803602,YL-7408818,,
Pro Publications Partners,2823254002424,PY-9272365,,
Ultimate Media Ltd.,5250040443135,EN-2021280,,2.18958E+12
Universal Paper Ltd.,9882878422824,UG-8492302,,1.02909E+12
Global Paper Co.,3840661723762,OI-7197178,,
NextGen Publications Inc.,3106312570930,II-5855613,,
Premier Paperworks Partners,8354761448161,YO-3197265,,
Superior Paperworks Inc.,2657904908092,HS-6899812,,
Premier Publications Global,200059707131,KX-6327674,,
Pro Publishing Holdings,8494378669161,GP-4980429,,
Global Pages Group,7365861086643,YS-4978890,,
Universal Paper Ltd.,8224337798932,CQ-2800569,,4.22402E+12
